concentration,BGE,r
1.0e-7,0.0,0.027559429170376834
1.0e-7,0.2950949658610221,0.0011002112085603721
1.0e-7,0.0,0.044379960969963356
1.0e-7,0.0,0.044277307012217035
1.0e-7,0.0,0.03684048433213666
1.0e-7,0.0,0.015230403365671972
1.0e-7,0.30614515226621164,0.0029553503969845948
1.0e-7,0.34927158087609395,0.005973755821229087
1.0e-7,0.21429002969651795,0.005434563395267752
1.0e-7,0.30925566353394285,0.002392896095808844
1.0e-7,0.3500652741401926,0.0036943793578140915
1.0e-7,0.3260284141554203,0.0020957473078755577
1.0e-7,0.12299581331576312,0.003567668848793004
1.0e-7,0.21379497778887105,0.004280848786521064
1.0e-7,0.0,0.03867927160469329
1.0e-7,0.0,0.026333058589120988
1.0e-7,0.0,0.031613980021570974
1.0e-7,0.0,0.01319825306989334
1.0e-7,0.0,0.026119394658249778
1.0e-7,0.1671039426527401,0.0006806749016793923
1.0e-7,0.0,0.0676229402206078
1.0e-7,0.0,0.02374972069174561
1.0e-7,0.0,0.00572295525642642
1.0e-7,0.13411461413508896,0.003300699752459899
1.0e-7,0.09858320660801427,0.0032479127450357206
1.0e-7,0.0,0.0786210292127808
1.0e-7,0.0,0.033043418561733276
1.0e-7,0.08386468341948497,0.00994890582305138
1.0e-7,0.33786552184323576,0.0015905305065936767
1.0e-7,0.0,0.04550889392740512
1.0e-7,0.0,0.04523769006324214
1.0e-7,0.0210569912465152,0.022618436803463326
1.0e-7,0.0,0.015677767906470078
1.0e-7,0.35108503979137695,0.003912281483764987
1.0e-7,0.386595723533519,0.0082735773020119
1.0e-7,0.285916834876935,0.007167956201735895
1.0e-7,0.35247996817862526,0.0034057438913706853
1.0e-7,0.38082978863806477,0.005119514613255712
1.0e-7,0.3648983034318809,0.0029615475461067095
1.0e-7,0.2227925100259579,0.004818086108917712
1.0e-7,0.28648136192474466,0.005742969793504171
1.0e-7,0.0,0.0395721451147928
1.0e-7,0.0,0.02703468261263267
1.0e-7,0.0,0.03229632640613625
1.0e-7,0.10026939207292468,0.004260612023686634
1.0e-7,0.0,0.02634381105196814
1.0e-7,0.2550492479544041,0.0009572634971496938
1.0e-7,0.0,0.06824926273487569
1.0e-7,0.02785969765944312,0.008729371828108358
1.0e-7,0.08260436848879461,0.006890389700943324
1.0e-7,0.21970310716496602,0.004722813867424859
1.0e-7,0.15107759578275295,0.004654889460093788
1.0e-7,0.0,0.0790305878129398
1.0e-7,0.11021677584102127,0.012657148501177303
1.0e-7,0.0,0.04580092426347734
1.0e-7,0.2165880362786132,0.0007209732660195772
1.0e-7,0.0,0.04360511423185976
1.0e-7,0.0,0.04361943738526746
1.0e-7,0.0,0.03610507919744742
1.0e-7,0.0,0.014925877776537954
1.0e-7,0.22732056902210981,0.0022214438606814927
1.0e-7,0.2879066114906271,0.004049570237050777
1.0e-7,0.09535922716342901,0.004131666583196491
1.0e-7,0.2382803662452936,0.0015898498504124162
1.0e-7,0.297165242680316,0.0025137657787137895
1.0e-7,0.26180383302772947,0.0014037985353464355
1.0e-7,0.0,0.004559344766957647
1.0e-7,0.09445707959189129,0.0031912614191006643
1.0e-7,0.0,0.038067167945234
1.0e-7,0.0,0.025854384654370347
1.0e-7,0.0,0.03114859047828245
1.0e-7,0.0,0.022479974850623887
1.0e-7,0.0,0.02596788979885439
1.0e-7,0.0419524184262732,0.0007642122816794882
1.0e-7,0.0,0.06719315771230099
1.0e-7,0.0,0.03932728570961696
1.0e-7,0.0,0.017387677309028043
1.0e-7,0.10051166138879548,0.002434142584536177
1.0e-7,0.07886876861401099,0.002409825358901451
1.0e-7,0.0,0.07834378861328829
1.0e-7,0.0,0.054193555420836315
1.0e-7,0.43420200782592,0.03743537114319269
1.0e-7,0.4684141901864475,0.008248893383256588
1.0e-7,0.404599575196414,0.029005002765788664
1.0e-7,0.3704270469227844,0.024427099236422698
1.0e-7,0.42446726424881853,0.027300263598212877
1.0e-7,0.368497781154037,0.009984729043811404
1.0e-7,0.4694963800416302,0.01737398689658994
1.0e-7,0.47214098115301767,0.029166561034163485
1.0e-7,0.4633444857976988,0.037848543125900934
1.0e-7,0.47251836797623875,0.019826149545123423
1.0e-7,0.4730051148707513,0.018849544190685744
1.0e-7,0.47246168195357596,0.014833150371889793
1.0e-7,0.45615798834176696,0.028904070603542435
1.0e-7,0.46372792568322796,0.03248008803945754
1.0e-7,0.3853586000380291,0.02286428502220568
1.0e-7,0.3130690456699642,0.01472718015418851
1.0e-7,0.3205671972833438,0.01853562225710444
1.0e-7,0.43795485764399367,0.021642773584155048
1.0e-7,0.29296245143445065,0.0051744325826882575
1.0e-7,0.4599413737353496,0.006407701849206528
1.0e-7,0.0,0.08283653749420168
1.0e-7,0.4323362062792745,0.03300008129701965
1.0e-7,0.4383245877373907,0.026188337045323806
1.0e-7,0.46722927571646533,0.02491067188695934
1.0e-7,0.4643744621634971,0.02179177645286063
1.0e-7,0.09748212677574097,0.026852127834118097
1.0e-7,0.43623247480283567,0.04438543376384723
1.0e-7,0.14459321223582602,0.010908974860873097
1.0e-7,0.36052858084573075,0.0018769330539088068
1.0e-7,0.0,0.027384732444719933
1.0e-7,0.0,0.04579359775968798
1.0e-7,0.07918362455833795,0.008021066693818305
1.0e-7,0.0,0.0159365911881537
1.0e-7,0.3670863230892664,0.0033774953303759036
1.0e-7,0.40138445882105256,0.009596550211471997
1.0e-7,0.3155520460566219,0.00818098531706892
1.0e-7,0.37284324379694506,0.003996214679737082
1.0e-7,0.3965667868969961,0.005934495096052673
1.0e-7,0.38319418745387235,0.003464900930113913
1.0e-7,0.2608183938873982,0.005548712463357735
1.0e-7,0.31434114420903103,0.006596966687288259
1.0e-7,0.0,0.04008897193839422
1.0e-7,0.0,0.027440733804798337
1.0e-7,0.0,0.032691217583510915
1.0e-7,0.15955776053112083,0.0048184142414881325
1.0e-7,0.0,0.007517938788307572
1.0e-7,0.28783327985616347,0.001118684804110311
1.0e-7,0.0,0.06861213803781535
1.0e-7,0.09842616021519729,0.009578686968048733
1.0e-7,0.14829892973996894,0.007569403785907986
1.0e-7,0.28292856854915294,0.005557147278227438
1.0e-7,0.0,0.002328470459388109
1.0e-7,0.0,0.0792674135595911
1.0e-7,0.1632862366976308,0.013802522022148192
1.0e-7,0.0,0.04371104732237825
1.0e-7,0.40335455275842147,0.00279224460897872
1.0e-7,0.14969982090763634,0.01126530852649696
1.0e-7,0.026248605671828493,0.028706190762062992
1.0e-7,0.22246642874330136,0.01052262547211548
1.0e-7,0.0028236162067078316,0.00965904767418943
1.0e-7,0.4050810701511841,0.006279862337950361
1.0e-7,0.4232242843422603,0.01319138658098855
1.0e-7,0.37514254663953267,0.011575584576810705
1.0e-7,0.0,0.008651653661716571
1.0e-7,0.0,0.008876475354419449
1.0e-7,0.4172198036328715,0.0049820407644671745
1.0e-7,0.3406932369154758,0.008056017822431124
1.0e-7,0.0,0.02432771349095082
1.0e-7,0.08254478920944244,0.02547189219137191
1.0e-7,0.0,0.028974504377534818
1.0e-7,0.0,0.07593268055655666
1.0e-7,0.0,0.021219256975522915
1.0e-7,0.0,0.008081376772418108
1.0e-7,0.34855432699429534,0.0016790972946551666
1.0e-7,0.0,0.06997378513768031
1.0e-7,0.0,0.03747623757392067
1.0e-7,0.25919327137594356,0.007236495141686626
1.0e-7,0.0,0.002287548775304074
1.0e-7,0.0,0.002328470459388109
1.0e-7,0.0,0.08017007536622885
1.0e-7,0.27621156779812817,0.017889417281237562
1.0e-5,0.42420931361916653,0.19995999334341177
1.0e-5,0.429038894084584,0.05621272754667088
1.0e-5,0.4212235691242883,0.17039977930765282
1.0e-5,0.41727992088860516,0.15304437391839085
1.0e-5,0.423523119383268,0.1534348132476982
1.0e-5,0.41425457449672554,0.06170768615974661
1.0e-5,0.42913365244913587,0.09265662111137535
1.0e-5,0.42878632010499884,0.18929159330259254
1.0e-5,0.42829313000375635,0.19478520486315698
1.0e-5,0.4287561992753107,0.10239118623643603
1.0e-5,0.4282658976933926,0.11229263503939728
1.0e-5,0.4291403429516477,0.08638709228493313
1.0e-5,0.42620400264018654,0.13558144607943273
1.0e-5,0.4281100695892466,0.16239888899232974
1.0e-5,0.4189662626140579,0.13936799781745585
1.0e-5,0.40850082944784355,0.09937532049884676
1.0e-5,0.40627869182108894,0.09938870402146492
1.0e-5,0.42371094586542357,0.10888354323413386
1.0e-5,0.4044895668322706,0.03838895399256548
1.0e-5,0.42642474371875816,0.02792394403430029
1.0e-5,0.36046773445500435,0.11446985967153038
1.0e-5,0.4234898748396209,0.17303410719712953
1.0e-5,0.4244893951656868,0.13750146713689154
1.0e-5,0.42300665173733676,0.05170995690223766
1.0e-5,0.4224436823430101,0.051150008439108344
1.0e-5,0.3817777494082834,0.08184354435861514
1.0e-5,0.42490263803812034,0.23754839622948454
1.0e-5,0.4349746002678757,0.24207269764429906
1.0e-5,0.43932556263991274,0.06541966624673752
1.0e-5,0.43358675234110894,0.21597897258154658
1.0e-5,0.4306417418046444,0.19722215634181117
1.0e-5,0.43615795271303615,0.20538502710169917
1.0e-5,0.4284712072200973,0.08266948130782185
1.0e-5,0.44027444436710245,0.11313275757685771
1.0e-5,0.4398035762301338,0.2127269527527179
1.0e-5,0.43899518373210594,0.22977909058195853
1.0e-5,0.439793978802104,0.13080561864392062
1.0e-5,0.43805000815387274,0.12078810246150416
1.0e-5,0.4383224172394641,0.09008386254415914
1.0e-5,0.43843249423571584,0.19035859489837934
1.0e-5,0.4396139090011314,0.21681050412643255
1.0e-5,0.4319097837853796,0.1786256836161477
1.0e-5,0.4266946577659994,0.1496704928585577
1.0e-5,0.4254806376231753,0.14855918869645587
1.0e-5,0.43506801948039814,0.13643590095602462
1.0e-5,0.42200169480481786,0.05115138023060041
1.0e-5,0.43884388109159284,0.041960132562925266
1.0e-5,0.38485267174826565,0.15130702668313345
1.0e-5,0.4344903781410304,0.21448622364516515
1.0e-5,0.43555768088985597,0.1714682209773123
1.0e-5,0.42711191408173566,0.058058361769259596
1.0e-5,0.42708208658006397,0.057373679709298374
1.0e-5,0.4037969733565089,0.11138392897229651
1.0e-5,0.4360004913980797,0.29283811880016614
1.0e-5,0.39755918595793277,0.15402790028590563
1.0e-5,0.4032176961781926,0.038364729629134495
1.0e-5,0.3930383556538853,0.12577205266196892
1.0e-5,0.3876996534508571,0.11139165210156028
1.0e-5,0.39617672326919706,0.11465179277374613
1.0e-5,0.3839395443068921,0.044189773361125805
1.0e-5,0.4037721787823374,0.07551038718728031
1.0e-5,0.40439745221245865,0.17417211954107742
1.0e-5,0.4029028632749215,0.1556884227998526
1.0e-5,0.40365631790813494,0.08365949908709804
1.0e-5,0.4039575599860919,0.10465142571801128
1.0e-5,0.4040364351094959,0.07121718527686863
1.0e-5,0.3989139267451602,0.09325999218965308
1.0e-5,0.40255678592163147,0.1250784542405786
1.0e-5,0.3899666359286324,0.10187619509524104
1.0e-5,0.3754913928595608,0.07130486323301022
1.0e-5,0.3736372429152177,0.07128449629566688
1.0e-5,0.39691407675588203,0.08166910246015963
1.0e-5,0.3694675660749229,0.027168920546045586
1.0e-5,0.40081914291409676,0.021774785402185855
1.0e-5,0.312086498267326,0.07820289891715462
1.0e-5,0.39710404085844875,0.13501366610417562
1.0e-5,0.3980876798026474,0.10607106369916802
1.0e-5,0.39749905875717684,0.05318811438992069
1.0e-5,0.3967331873156964,0.052949047464287725
1.0e-5,0.3389682163128326,0.05514807480144438
1.0e-5,0.39784280077938144,0.17683399051878498
1.0e-5,0.48155389784969305,0.5165949579499299
1.0e-5,0.46523411667187947,0.0911015251515604
1.0e-5,0.48006928756002687,0.48226676187984263
1.0e-5,0.4822568172227708,0.46533017861509646
1.0e-5,0.4811023945189334,0.4036414176470079
1.0e-5,0.48293416093901176,0.3225881340990133
1.0e-5,0.4791357412506856,0.1537508432216023
1.0e-5,0.4620067635365811,0.27293333734699815
1.0e-5,0.47821523051197123,0.3660944706855438
1.0e-5,0.4728284342481604,0.17070579926056384
1.0e-5,0.4593754091089915,0.16411468272251456
1.0e-5,0.47501415414874076,0.13321915965927816
1.0e-5,0.47416346100772433,0.3139882273851025
1.0e-5,0.47640298405478904,0.3149688759671386
1.0e-5,0.48247851167264716,0.4032704714042776
1.0e-5,0.4792986745578228,0.47017271428492946
1.0e-5,0.48026297449299016,0.4714072657831589
1.0e-5,0.4833762897043007,0.34801049411007773
1.0e-5,0.47871719270831203,0.2218247410354127
1.0e-5,0.4827657597122984,0.07388215321086264
1.0e-5,0.4735283096789763,0.5040894274167965
1.0e-5,0.48059814406334456,0.4457961240262524
1.0e-5,0.48160470295444824,0.3171309183839768
1.0e-5,0.44560247920749796,0.07777854118138587
1.0e-5,0.45496312889247165,0.07994156861614092
1.0e-5,0.47500960152790983,0.4352438730453206
1.0e-5,0.4804683774668739,0.4972183216924633
1.0e-5,0.4425070398197697,0.28424186315635824
1.0e-5,0.44584213584236543,0.07446189743150297
1.0e-5,0.4414790668836662,0.25654800984836434
1.0e-5,0.4381394227894193,0.2231455141030909
1.0e-5,0.44134460206538373,0.20725244416058913
1.0e-5,0.43621802157564643,0.09492939597043176
1.0e-5,0.4467795695035081,0.11313275757685771
1.0e-5,0.4446734729501782,0.20645513693029446
1.0e-5,0.4457255485383638,0.26046262475992604
1.0e-5,0.4444330678383106,0.11966897468851682
1.0e-5,0.4443000373333746,0.12078810246150416
1.0e-5,0.4449763941121257,0.0961496865492902
1.0e-5,0.4452753510750991,0.218430257540255
1.0e-5,0.4455410453392519,0.22085050769327044
1.0e-5,0.439369414976,0.20322319258800192
1.0e-5,0.4345229940970044,0.17072978802411656
1.0e-5,0.43365067850177264,0.16957432473456707
1.0e-5,0.44244741952296346,0.16158906926511113
1.0e-5,0.4306601656634296,0.05864819989115692
1.0e-5,0.4456147787940662,0.04880523641184906
1.0e-5,0.39715207518419904,0.17305545045754955
1.0e-5,0.44193936936483214,0.250523306760652
1.0e-5,0.442829102983636,0.1989146950164498
1.0e-5,0.43675737742473164,0.059532257744032625
1.0e-5,0.0,0.0023284699666497057
1.0e-5,0.41441744434137123,0.12804976151424233
1.0e-5,0.44330495858079594,0.33809365699504673
1.0e-5,0.0,0.043711047186711025
1.0e-5,0.45267846965955594,0.07612906078083627
1.0e-5,0.4514495712903776,0.3247076048298808
1.0e-5,0.448419274170568,0.2851863360017708
1.0e-5,0.45309110138831876,0.2951761070670524
1.0e-5,0.44750758857346584,0.1269417174039325
1.0e-5,0.4543339905252561,0.11313275757685771
1.0e-5,0.45072865531535633,0.2182631779218417
1.0e-5,0.4534999416395261,0.2720592964865359
1.0e-5,0.0,0.008651653609928166
1.0e-5,0.0,0.008876475247716406
1.0e-5,0.45385202966410293,0.10123526090993751
1.0e-5,0.45478420869082536,0.26701641578580254
1.0e-5,0.0,0.024327713386243968
1.0e-5,0.44974915426812184,0.2625633160381196
1.0e-5,0.44680532364013026,0.23418840680578992
1.0e-5,0.0,0.07593268049733531
1.0e-5,0.0,0.02121925693604351
1.0e-5,0.4436702301708005,0.07828413883070684
1.0e-5,0.45501991251264506,0.060337003853490306
1.0e-5,0.4195087068037312,0.24293829527956615
1.0e-5,0.0,0.03747623745371225
1.0e-5,0.45263383739139895,0.24661096335330168
1.0e-5,0.0,0.0022875483548017396
1.0e-5,0.0,0.0023284699666497057
1.0e-5,0.4326406894987967,0.18070452582394703
1.0e-5,0.45323749179353645,0.41753953087131235
0.001,0.4186748521717193,0.7720924672409039
0.001,0.34725443473149387,0.1500657459459711
0.001,0.4296723293051726,0.7722367248151224
0.001,0.42630840476584714,0.7596052627146168
0.001,0.4214993397815765,0.6090871087761235
0.001,0.4295454907342409,0.4890158573841728
0.001,0.3985830957268166,0.20720452168271083
0.001,0.3769119798037452,0.3804618681193294
0.001,0.42224946412733655,0.53351513470644
0.001,0.29831454248181233,0.23105397729156268
0.001,0.2766617931820493,0.21539196244845593
0.001,0.30587281032735225,0.1781786103037156
0.001,0.41410558803944936,0.4929716292405724
0.001,0.4133343476683016,0.4877295698208844
0.001,0.4280753429172055,0.6624297813795038
0.001,0.427269690593593,0.7431913309682243
0.001,0.42961984920238083,0.758120500012936
0.001,0.4251569444924297,0.570020088348142
0.001,0.429975996708468,0.3906205900712
0.001,0.4221106986993901,0.12402057326075286
0.001,0.42966783544156084,0.7985971651229193
0.001,0.4159745924859007,0.6670467337735708
0.001,0.4286736705698757,0.5215376680926945
0.001,0.06748316229071692,0.09265266613102847
0.001,0.06207842911973803,0.09121933359935157
0.001,0.4282034913381326,0.7259821952941697
0.001,0.4303852401387712,0.8592461284894102
0.001,0.4375443317559946,0.8266659869016486
0.001,0.32214209460085286,0.15383016048218617
0.001,0.4385710557361008,0.807459288684158
0.001,0.44007138941242346,0.8215325280230781
0.001,0.437060959396392,0.6542560542068139
0.001,0.43565259771894693,0.5147386750342141
0.001,0.40503771247901177,0.21240151676420785
0.001,0.37477550514195607,0.3876334663882975
0.001,0.42568602944008593,0.5461002845602906
0.001,0.327520650822408,0.23719955337143428
0.001,0.3513626197294809,0.2256084990022366
0.001,0.3076751101828477,0.18166726180480391
0.001,0.42437688115922134,0.5274283965899976
0.001,0.4243061545003345,0.5099506960171453
0.001,0.4398034608932921,0.7080083387380924
0.001,0.4387427809109331,0.7875875842790296
0.001,0.4357458997507171,0.7786636093465686
0.001,0.4354777538979228,0.6016731906137919
0.001,0.4382202276895255,0.3956733639256011
0.001,0.4362236462251241,0.13332454662101947
0.001,0.439788314408447,0.8255334131118992
0.001,0.42342214010265394,0.6952903790332444
0.001,0.4262616999831898,0.5270930093778478
0.001,0.09747865482354581,0.09398316121590145
0.001,0.08033869265021924,0.09330779836605528
0.001,0.43984456246253295,0.7794253871235036
0.001,0.43204516562984396,0.8636027347665088
0.001,0.4022607830793889,0.74480451569493
0.001,0.39626169272449946,0.14718883234628657
0.001,0.40497210431278563,0.7393488399244151
0.001,0.4053076105925689,0.7578628829349641
0.001,0.3989401293032836,0.582569002834982
0.001,0.40582364349906297,0.4777131715469533
0.001,0.3887984917286529,0.20211241107719743
0.001,0.34528041920875563,0.3656162343673103
0.001,0.3929616510376546,0.5118646342321133
0.001,0.30946344534878406,0.2245201163039687
0.001,0.2121126763277013,0.20665936965030376
0.001,0.3134515904831016,0.17298407256498213
0.001,0.3937651973839673,0.48181979093471655
0.001,0.39656178951958126,0.47198500498499324
0.001,0.4047518733237239,0.6467297430728723
0.001,0.4033450963415471,0.6878133824195372
0.001,0.40477332496991114,0.6996851172533548
0.001,0.403150129112248,0.5426748828517405
0.001,0.4022586339039894,0.32312948164062627
0.001,0.39506433830583376,0.11829063290778974
0.001,0.40390504489100687,0.7441535515678296
0.001,0.4011693179668741,0.6372494570879409
0.001,0.40444448315471215,0.49946477799708766
0.001,0.15078743567345118,0.08797899819857308
0.001,0.0827294099372218,0.08518020498792181
0.001,0.40395052759872585,0.6850024094741975
0.001,0.3983567783566251,0.7916482716295707
0.001,0.48350645872163034,0.8811858019155747
0.001,0.47510569015267357,0.1701381327127215
0.001,0.48376233530869617,0.8729382952170702
0.001,0.4848673653571942,0.9066608144524736
0.001,0.48365331669178563,0.7049102882045334
0.001,0.48458276570351555,0.6222334865284141
0.001,0.47456583179086753,0.22267846696799684
0.001,0.4727903106803204,0.4071871540834067
0.001,0.47575639757931487,0.577007973248941
0.001,0.47306150242822587,0.26067582956399626
0.001,0.4724035618600889,0.23842947575683132
0.001,0.47278744269585504,0.19888008072014488
0.001,0.47826599791761637,0.569697216203798
0.001,0.47777578349254746,0.5427004928998005
0.001,0.4837797883752444,0.7775046307865795
0.001,0.4848097107556867,0.9109130058043367
0.001,0.4860713848876071,0.9094163054795714
0.001,0.4824932416097907,0.6757771624556655
0.001,0.48399892454850024,0.48094654559288336
0.001,0.48042834083928504,0.1442812175328205
0.001,0.4849061159937402,0.9105776410555675
0.001,0.4832230640148685,0.7556555340041164
0.001,0.47904045754553853,0.5678705193964717
0.001,0.47022123851019526,0.10181096637150205
0.001,0.4697787742809322,0.10031279670969974
0.001,0.48585677893021617,0.9045796220954496
0.001,0.4790242996632091,0.9243590771719352
0.001,0.4382127344608824,0.8249838521877882
0.001,0.361227703784803,0.1559134957746795
0.001,0.44519366822839995,0.8215540732572111
0.001,0.44346573927896565,0.8346582176225253
0.001,0.43946830146216476,0.6579243594594947
0.001,0.44305657520410263,0.5338380073043105
0.001,0.4146040200447394,0.21416521789359882
0.001,0.37537138683604554,0.3889760361858177
0.001,0.43808060604279453,0.5551196204099017
0.001,0.37616620661401606,0.24621711510550576
0.001,0.34299349146239266,0.22294863241703855
0.001,0.3680707282440566,0.18664733610372847
0.001,0.44131757422563345,0.540812804729924
0.001,0.4369260114823653,0.5175384488381114
0.001,0.4442144302442557,0.7240936164470513
0.001,0.43372594014868115,0.7792517192558115
0.001,0.44107325318474794,0.7933015894048862
0.001,0.44423863335401603,0.6247064840784802
0.001,0.44003246020436654,0.40196282340652684
0.001,0.4347493425540679,0.13421409224817635
0.001,0.44671149696967594,0.8410888131775515
0.001,0.4367284888104166,0.7092314879757398
0.001,0.43852876938999,0.5360378957482311
0.001,0.11882147531603046,0.09564385588335732
0.001,0.0,0.002328462238517995
0.001,0.4470063804612049,0.8121196484635562
0.001,0.447036830247156,0.8828487260361545
0.001,0.0,0.04881854511494085
0.001,0.40529352314563805,0.16423812125794307
0.001,0.45261837751291933,0.8406629510857556
0.001,0.4539025797332944,0.8595171587160344
0.001,0.45337843354528273,0.6809264705018159
0.001,0.454982698041464,0.5782751668111542
0.001,0.42849326127195014,0.21760723255876627
0.001,0.398063286893191,0.39581994446862
0.001,0.44367648916768876,0.5620085159715325
0.001,0.0,0.00904253846069087
0.001,0.0,0.008876474219381966
0.001,0.396335479017197,0.19232045829487318
0.001,0.4490111285278893,0.5501080722166344
0.001,0.0,0.026093054057059223
0.001,0.45438602182459253,0.7454177428669778
0.001,0.45363034500224847,0.8539037303038193
0.001,0.0,0.04625526472082479
0.001,0.0,0.028729328687471117
0.001,0.4543270666128044,0.4376366736189051
0.001,0.44893421473371187,0.13856905994249885
0.001,0.45544569607026775,0.8639767012823042
0.001,0.0,0.0416481915067489
0.001,0.4509734890569983,0.5494542408514074
0.001,0.0,0.002287542148535231
0.001,0.0,0.002328462238517995
0.001,0.45331164139738134,0.8309376758215062
0.001,0.44948032461314164,0.8950944195784554
0.1,0.413926975367627,0.9006382788650642
0.1,0.34353414285644246,0.171164589819967
0.1,0.421421368585594,0.8956432727581738
0.1,0.42448743131806954,0.9306301089481128
0.1,0.4059406065232153,0.7212214913600135
0.1,0.4284747478755251,0.6437153331187694
0.1,0.378614778648272,0.22524963643710424
0.1,0.0,0.0
0.1,0.4017467419046,0.5858155100708943
0.1,0.0,0.0
0.1,0.0,0.0
0.1,0.0,0.0
0.1,0.4043168115288445,0.5796010691304989
0.1,0.404414121099298,0.5510604737455531
0.1,0.42420846675230484,0.7997539188135295
0.1,0.4265470809334375,0.9413775364483205
0.1,0.4274748241204138,0.9411382539512948
0.1,0.4155081591547626,0.6920943858980765
0.1,0.4251846913074808,0.5022445345066121
0.1,0.413281295017005,0.14673782502533136
0.1,0.4293572920635715,0.9431119862128556
0.1,0.4030865080298793,0.7714464281426885
0.1,0.3970465441017549,0.5801134054541626
0.1,0.06584056373924616,0.09967850438003956
0.1,0.05680338480410248,0.09837837719694584
0.1,0.4299890278581452,0.9398666183349759
0.1,0.40216853773819006,0.9426745128317758
0.1,0.4242990018835516,0.9029093776083025
0.1,0.3767988723512715,0.17196105447432547
0.1,0.4223017236698037,0.8971350548509135
0.1,0.43061594179757623,0.9311327684099758
0.1,0.42478659171333083,0.722673126769266
0.1,0.4385866521860232,0.6452592616650751
0.1,0.40448765361979777,0.22592030980317052
0.1,0.0,0.0
0.1,0.4030938203790772,0.5867617932220437
0.1,0.0,0.0
0.1,0.0,0.0
0.1,0.0,0.0
0.1,0.4122985922323663,0.580895403464414
0.1,0.41548305778153455,0.5523938415201503
0.1,0.43110200482148975,0.8007094227409758
0.1,0.43792145101341523,0.9421796401644206
0.1,0.4382456441600071,0.9424582692196314
0.1,0.4146084061206428,0.6932763510150615
0.1,0.43830519695351416,0.5045924078492824
0.1,0.4215700656078514,0.14719833383351624
0.1,0.43901332368679646,0.9448680289958142
0.1,0.42297100864880527,0.7734950786135708
0.1,0.40762599282870554,0.5811842294481322
0.1,0.44192019207212696,0.10206753273921064
0.1,0.44175082726097126,0.1006142970356465
0.1,0.44043292773175785,0.9419869545111766
0.1,0.4151767267522217,0.945308263082858
0.1,0.383446269462674,0.8976565293463281
0.1,0.3087506626310942,0.1698484014797708
0.1,0.38713234347183545,0.8923875721697633
0.1,0.3958310553124211,0.9267012508218734
0.1,0.3867701488352196,0.7192852625925894
0.1,0.4011380836895045,0.6399517138871558
0.1,0.34007283505003794,0.2241849739500471
0.1,0.0,0.0
0.1,0.38085120519085874,0.5838779889236216
0.1,0.0,0.0
0.1,0.0,0.0
0.1,0.0,0.0
0.1,0.37938166482906477,0.5777319516273876
0.1,0.3866956007690302,0.5493222661516166
0.1,0.3946639101260343,0.7969692971420924
0.1,0.4008412952013886,0.9363735050339842
0.1,0.4031343644595702,0.9377376872620776
0.1,0.3933004505397557,0.68955023247077
0.1,0.40245000963922056,0.49993825584400037
0.1,0.3717646953422097,0.14606393312486507
0.1,0.40474504054486915,0.940512072486269
0.1,0.38432339219017586,0.7695145318925125
0.1,0.38282734828688336,0.5783030634872507
0.1,0.4059515437970246,0.09798504252476328
0.1,0.40567995974283866,0.09638464145586856
0.1,0.4054511822811126,0.9361806823255082
0.1,0.38016257826740485,0.9405975945248317
0.1,0.4736677764738559,0.906301943257804
0.1,0.47278809753807105,0.17366958646203665
0.1,0.47389936120665854,0.901481110203855
0.1,0.47456900214552167,0.9359841149192836
0.1,0.47387891978527613,0.726109584405096
0.1,0.4763722862874108,0.6493289835146321
0.1,0.4731012986823955,0.2268854358578443
0.1,0.0,0.0
0.1,0.47332488311571785,0.5893767933207188
0.1,0.0,0.0
0.1,0.0,0.0
0.1,0.0,0.0
0.1,0.4737423388359242,0.5840026892763717
0.1,0.4733263177615511,0.5548832783422635
0.1,0.4740061533578431,0.804613781953086
0.1,0.47530819668460883,0.9481869961816094
0.1,0.47466044649335193,0.9479347645579034
0.1,0.47462725957070856,0.6978441303917685
0.1,0.47820856096788017,0.5085209319381465
0.1,0.4735377562776264,0.1480774469221658
0.1,0.47606005592947254,0.9485733004013085
0.1,0.4736190336328518,0.7768877103937356
0.1,0.4737815632956263,0.5841342329369007
0.1,0.47231512700457684,0.10457493772996436
0.1,0.48578345162089737,0.10344175380160693
0.1,0.47744295920413243,0.9479742588975757
0.1,0.47365672679229043,0.9490549230416437
0.1,0.42669044515280335,0.9033655000342979
0.1,0.39317427703525587,0.1723405982211514
0.1,0.4382304536567015,0.8992118333456594
0.1,0.4411733665413376,0.9326194243611253
0.1,0.41922921101109883,0.722941212022476
0.1,0.44374165336724086,0.6456644661833787
0.1,0.39964085717116915,0.22604973303514989
0.1,0.0,0.0
0.1,0.3964323576077236,0.5869152818883574
0.1,0.0,0.0
0.1,0.0,0.0
0.1,0.0,0.0
0.1,0.4108051441738827,0.5813745902844789
0.1,0.40986089333545217,0.5527212595898555
0.1,0.4377270837556786,0.8015119078698839
0.1,0.44464311863917977,0.9432850979505388
0.1,0.44444680870821296,0.9434967721858598
0.1,0.4262275942511957,0.6942925217533986
0.1,0.44273881845155816,0.5049147786832164
0.1,0.4215012376777648,0.1473987801855778
0.1,0.444273534099464,0.9444001032418982
0.1,0.42201709741894033,0.7738915932131605
0.1,0.41924799619980124,0.5818547307876122
0.1,0.11827913487960269,0.10212314044192349
0.1,0.0,0.002328459378554093
0.1,0.4471915404371387,0.9429445717522825
0.1,0.42000569428117035,0.9456024887154405
0.1,0.0,0.050177747456093165
0.1,0.4126401645439811,0.1727927099680611
0.1,0.4394595390848327,0.8993747231645209
0.1,0.44064489583722843,0.9332922308132992
0.1,0.43689060567475435,0.7245153960195669
0.1,0.45333886090239656,0.6472086220763413
0.1,0.4175678095014623,0.22635309491013228
0.1,0.0,0.0
0.1,0.4211154012330247,0.5881120891701859
0.1,0.0,0.0
0.1,0.0,0.0
0.1,0.0,0.0
0.1,0.42578460051767575,0.5826431941412781
0.1,0.0,0.026579788269791512
0.1,0.44448236693210114,0.8032009599755159
0.1,0.4494221884355921,0.9446838377342581
0.1,0.0,0.04862472911695873
0.1,0.0,0.029664754769422017
0.1,0.4541383245827828,0.5063526946197716
0.1,0.4233084969083781,0.1475535145231465
0.1,0.45290948261347225,0.946824925307838
0.1,0.0,0.042772343507318004
0.1,0.4237018051550656,0.5825214775671148
0.1,0.0,0.002287539255012321
0.1,0.0,0.002328459378554093
0.1,0.4546040845555891,0.9449184921053602
0.1,0.4268451074093626,0.9467870803711481
