val,meas,response,concentration
0.0,BGE,positive,1.0e-7
0.2950949658610221,BGE,negative,1.0e-7
0.0,BGE,positive,1.0e-7
0.0,BGE,positive,1.0e-7
0.0,BGE,positive,1.0e-7
0.0,BGE,positive,1.0e-7
0.30614515226621164,BGE,positive,1.0e-7
0.34927158087609395,BGE,positive,1.0e-7
0.21429002969651795,BGE,positive,1.0e-7
0.30925566353394285,BGE,negative,1.0e-7
0.3500652741401926,BGE,negative,1.0e-7
0.3260284141554203,BGE,negative,1.0e-7
0.12299581331576312,BGE,positive,1.0e-7
0.21379497778887105,BGE,positive,1.0e-7
0.0,BGE,positive,1.0e-7
0.0,BGE,negative,1.0e-7
0.0,BGE,positive,1.0e-7
0.0,BGE,positive,1.0e-7
0.0,BGE,negative,1.0e-7
0.1671039426527401,BGE,positive,1.0e-7
0.0,BGE,positive,1.0e-7
0.0,BGE,negative,1.0e-7
0.0,BGE,negative,1.0e-7
0.13411461413508896,BGE,positive,1.0e-7
0.09858320660801427,BGE,positive,1.0e-7
0.0,BGE,positive,1.0e-7
0.0,BGE,positive,1.0e-7
0.08386468341948497,BGE,positive,1.0e-7
0.33786552184323576,BGE,negative,1.0e-7
0.0,BGE,positive,1.0e-7
0.0,BGE,positive,1.0e-7
0.0210569912465152,BGE,positive,1.0e-7
0.0,BGE,positive,1.0e-7
0.35108503979137695,BGE,positive,1.0e-7
0.386595723533519,BGE,positive,1.0e-7
0.285916834876935,BGE,positive,1.0e-7
0.35247996817862526,BGE,negative,1.0e-7
0.38082978863806477,BGE,negative,1.0e-7
0.3648983034318809,BGE,negative,1.0e-7
0.2227925100259579,BGE,positive,1.0e-7
0.28648136192474466,BGE,positive,1.0e-7
0.0,BGE,positive,1.0e-7
0.0,BGE,negative,1.0e-7
0.0,BGE,positive,1.0e-7
0.10026939207292468,BGE,positive,1.0e-7
0.0,BGE,negative,1.0e-7
0.2550492479544041,BGE,positive,1.0e-7
0.0,BGE,positive,1.0e-7
0.02785969765944312,BGE,negative,1.0e-7
0.08260436848879461,BGE,negative,1.0e-7
0.21970310716496602,BGE,positive,1.0e-7
0.15107759578275295,BGE,positive,1.0e-7
0.0,BGE,positive,1.0e-7
0.11021677584102127,BGE,positive,1.0e-7
0.0,BGE,positive,1.0e-7
0.2165880362786132,BGE,negative,1.0e-7
0.0,BGE,positive,1.0e-7
0.0,BGE,positive,1.0e-7
0.0,BGE,positive,1.0e-7
0.0,BGE,positive,1.0e-7
0.22732056902210981,BGE,positive,1.0e-7
0.2879066114906271,BGE,positive,1.0e-7
0.09535922716342901,BGE,positive,1.0e-7
0.2382803662452936,BGE,negative,1.0e-7
0.297165242680316,BGE,negative,1.0e-7
0.26180383302772947,BGE,negative,1.0e-7
0.0,BGE,positive,1.0e-7
0.09445707959189129,BGE,positive,1.0e-7
0.0,BGE,positive,1.0e-7
0.0,BGE,negative,1.0e-7
0.0,BGE,positive,1.0e-7
0.0,BGE,positive,1.0e-7
0.0,BGE,negative,1.0e-7
0.0419524184262732,BGE,positive,1.0e-7
0.0,BGE,positive,1.0e-7
0.0,BGE,negative,1.0e-7
0.0,BGE,negative,1.0e-7
0.10051166138879548,BGE,positive,1.0e-7
0.07886876861401099,BGE,positive,1.0e-7
0.0,BGE,positive,1.0e-7
0.0,BGE,positive,1.0e-7
0.43420200782592,BGE,positive,1.0e-7
0.4684141901864475,BGE,negative,1.0e-7
0.404599575196414,BGE,positive,1.0e-7
0.3704270469227844,BGE,positive,1.0e-7
0.42446726424881853,BGE,positive,1.0e-7
0.368497781154037,BGE,positive,1.0e-7
0.4694963800416302,BGE,positive,1.0e-7
0.47214098115301767,BGE,positive,1.0e-7
0.4633444857976988,BGE,positive,1.0e-7
0.47251836797623875,BGE,negative,1.0e-7
0.4730051148707513,BGE,negative,1.0e-7
0.47246168195357596,BGE,negative,1.0e-7
0.45615798834176696,BGE,positive,1.0e-7
0.46372792568322796,BGE,positive,1.0e-7
0.3853586000380291,BGE,positive,1.0e-7
0.3130690456699642,BGE,negative,1.0e-7
0.3205671972833438,BGE,positive,1.0e-7
0.43795485764399367,BGE,positive,1.0e-7
0.29296245143445065,BGE,negative,1.0e-7
0.4599413737353496,BGE,positive,1.0e-7
0.0,BGE,positive,1.0e-7
0.4323362062792745,BGE,negative,1.0e-7
0.4383245877373907,BGE,negative,1.0e-7
0.46722927571646533,BGE,positive,1.0e-7
0.4643744621634971,BGE,positive,1.0e-7
0.09748212677574097,BGE,positive,1.0e-7
0.43623247480283567,BGE,positive,1.0e-7
0.14459321223582602,BGE,positive,1.0e-7
0.36052858084573075,BGE,negative,1.0e-7
0.0,BGE,positive,1.0e-7
0.0,BGE,positive,1.0e-7
0.07918362455833795,BGE,positive,1.0e-7
0.0,BGE,positive,1.0e-7
0.3670863230892664,BGE,positive,1.0e-7
0.40138445882105256,BGE,positive,1.0e-7
0.3155520460566219,BGE,positive,1.0e-7
0.37284324379694506,BGE,negative,1.0e-7
0.3965667868969961,BGE,negative,1.0e-7
0.38319418745387235,BGE,negative,1.0e-7
0.2608183938873982,BGE,positive,1.0e-7
0.31434114420903103,BGE,positive,1.0e-7
0.0,BGE,positive,1.0e-7
0.0,BGE,negative,1.0e-7
0.0,BGE,positive,1.0e-7
0.15955776053112083,BGE,positive,1.0e-7
0.0,BGE,negative,1.0e-7
0.28783327985616347,BGE,positive,1.0e-7
0.0,BGE,positive,1.0e-7
0.09842616021519729,BGE,negative,1.0e-7
0.14829892973996894,BGE,negative,1.0e-7
0.28292856854915294,BGE,positive,1.0e-7
0.0,BGE,positive,1.0e-7
0.0,BGE,positive,1.0e-7
0.1632862366976308,BGE,positive,1.0e-7
0.0,BGE,positive,1.0e-7
0.40335455275842147,BGE,negative,1.0e-7
0.14969982090763634,BGE,positive,1.0e-7
0.026248605671828493,BGE,positive,1.0e-7
0.22246642874330136,BGE,positive,1.0e-7
0.0028236162067078316,BGE,positive,1.0e-7
0.4050810701511841,BGE,positive,1.0e-7
0.4232242843422603,BGE,positive,1.0e-7
0.37514254663953267,BGE,positive,1.0e-7
0.0,BGE,negative,1.0e-7
0.0,BGE,negative,1.0e-7
0.4172198036328715,BGE,negative,1.0e-7
0.3406932369154758,BGE,positive,1.0e-7
0.0,BGE,positive,1.0e-7
0.08254478920944244,BGE,positive,1.0e-7
0.0,BGE,negative,1.0e-7
0.0,BGE,positive,1.0e-7
0.0,BGE,positive,1.0e-7
0.0,BGE,negative,1.0e-7
0.34855432699429534,BGE,positive,1.0e-7
0.0,BGE,positive,1.0e-7
0.0,BGE,negative,1.0e-7
0.25919327137594356,BGE,negative,1.0e-7
0.0,BGE,positive,1.0e-7
0.0,BGE,positive,1.0e-7
0.0,BGE,positive,1.0e-7
0.27621156779812817,BGE,positive,1.0e-7
0.42420931361916653,BGE,positive,1.0e-5
0.429038894084584,BGE,negative,1.0e-5
0.4212235691242883,BGE,positive,1.0e-5
0.41727992088860516,BGE,positive,1.0e-5
0.423523119383268,BGE,positive,1.0e-5
0.41425457449672554,BGE,positive,1.0e-5
0.42913365244913587,BGE,positive,1.0e-5
0.42878632010499884,BGE,positive,1.0e-5
0.42829313000375635,BGE,positive,1.0e-5
0.4287561992753107,BGE,negative,1.0e-5
0.4282658976933926,BGE,negative,1.0e-5
0.4291403429516477,BGE,negative,1.0e-5
0.42620400264018654,BGE,positive,1.0e-5
0.4281100695892466,BGE,positive,1.0e-5
0.4189662626140579,BGE,positive,1.0e-5
0.40850082944784355,BGE,negative,1.0e-5
0.40627869182108894,BGE,positive,1.0e-5
0.42371094586542357,BGE,positive,1.0e-5
0.4044895668322706,BGE,negative,1.0e-5
0.42642474371875816,BGE,positive,1.0e-5
0.36046773445500435,BGE,positive,1.0e-5
0.4234898748396209,BGE,negative,1.0e-5
0.4244893951656868,BGE,negative,1.0e-5
0.42300665173733676,BGE,positive,1.0e-5
0.4224436823430101,BGE,positive,1.0e-5
0.3817777494082834,BGE,positive,1.0e-5
0.42490263803812034,BGE,positive,1.0e-5
0.4349746002678757,BGE,positive,1.0e-5
0.43932556263991274,BGE,negative,1.0e-5
0.43358675234110894,BGE,positive,1.0e-5
0.4306417418046444,BGE,positive,1.0e-5
0.43615795271303615,BGE,positive,1.0e-5
0.4284712072200973,BGE,positive,1.0e-5
0.44027444436710245,BGE,positive,1.0e-5
0.4398035762301338,BGE,positive,1.0e-5
0.43899518373210594,BGE,positive,1.0e-5
0.439793978802104,BGE,negative,1.0e-5
0.43805000815387274,BGE,negative,1.0e-5
0.4383224172394641,BGE,negative,1.0e-5
0.43843249423571584,BGE,positive,1.0e-5
0.4396139090011314,BGE,positive,1.0e-5
0.4319097837853796,BGE,positive,1.0e-5
0.4266946577659994,BGE,negative,1.0e-5
0.4254806376231753,BGE,positive,1.0e-5
0.43506801948039814,BGE,positive,1.0e-5
0.42200169480481786,BGE,negative,1.0e-5
0.43884388109159284,BGE,positive,1.0e-5
0.38485267174826565,BGE,positive,1.0e-5
0.4344903781410304,BGE,negative,1.0e-5
0.43555768088985597,BGE,negative,1.0e-5
0.42711191408173566,BGE,positive,1.0e-5
0.42708208658006397,BGE,positive,1.0e-5
0.4037969733565089,BGE,positive,1.0e-5
0.4360004913980797,BGE,positive,1.0e-5
0.39755918595793277,BGE,positive,1.0e-5
0.4032176961781926,BGE,negative,1.0e-5
0.3930383556538853,BGE,positive,1.0e-5
0.3876996534508571,BGE,positive,1.0e-5
0.39617672326919706,BGE,positive,1.0e-5
0.3839395443068921,BGE,positive,1.0e-5
0.4037721787823374,BGE,positive,1.0e-5
0.40439745221245865,BGE,positive,1.0e-5
0.4029028632749215,BGE,positive,1.0e-5
0.40365631790813494,BGE,negative,1.0e-5
0.4039575599860919,BGE,negative,1.0e-5
0.4040364351094959,BGE,negative,1.0e-5
0.3989139267451602,BGE,positive,1.0e-5
0.40255678592163147,BGE,positive,1.0e-5
0.3899666359286324,BGE,positive,1.0e-5
0.3754913928595608,BGE,negative,1.0e-5
0.3736372429152177,BGE,positive,1.0e-5
0.39691407675588203,BGE,positive,1.0e-5
0.3694675660749229,BGE,negative,1.0e-5
0.40081914291409676,BGE,positive,1.0e-5
0.312086498267326,BGE,positive,1.0e-5
0.39710404085844875,BGE,negative,1.0e-5
0.3980876798026474,BGE,negative,1.0e-5
0.39749905875717684,BGE,positive,1.0e-5
0.3967331873156964,BGE,positive,1.0e-5
0.3389682163128326,BGE,positive,1.0e-5
0.39784280077938144,BGE,positive,1.0e-5
0.48155389784969305,BGE,positive,1.0e-5
0.46523411667187947,BGE,negative,1.0e-5
0.48006928756002687,BGE,positive,1.0e-5
0.4822568172227708,BGE,positive,1.0e-5
0.4811023945189334,BGE,positive,1.0e-5
0.48293416093901176,BGE,positive,1.0e-5
0.4791357412506856,BGE,positive,1.0e-5
0.4620067635365811,BGE,positive,1.0e-5
0.47821523051197123,BGE,positive,1.0e-5
0.4728284342481604,BGE,negative,1.0e-5
0.4593754091089915,BGE,negative,1.0e-5
0.47501415414874076,BGE,negative,1.0e-5
0.47416346100772433,BGE,positive,1.0e-5
0.47640298405478904,BGE,positive,1.0e-5
0.48247851167264716,BGE,positive,1.0e-5
0.4792986745578228,BGE,negative,1.0e-5
0.48026297449299016,BGE,positive,1.0e-5
0.4833762897043007,BGE,positive,1.0e-5
0.47871719270831203,BGE,negative,1.0e-5
0.4827657597122984,BGE,positive,1.0e-5
0.4735283096789763,BGE,positive,1.0e-5
0.48059814406334456,BGE,negative,1.0e-5
0.48160470295444824,BGE,negative,1.0e-5
0.44560247920749796,BGE,positive,1.0e-5
0.45496312889247165,BGE,positive,1.0e-5
0.47500960152790983,BGE,positive,1.0e-5
0.4804683774668739,BGE,positive,1.0e-5
0.4425070398197697,BGE,positive,1.0e-5
0.44584213584236543,BGE,negative,1.0e-5
0.4414790668836662,BGE,positive,1.0e-5
0.4381394227894193,BGE,positive,1.0e-5
0.44134460206538373,BGE,positive,1.0e-5
0.43621802157564643,BGE,positive,1.0e-5
0.4467795695035081,BGE,positive,1.0e-5
0.4446734729501782,BGE,positive,1.0e-5
0.4457255485383638,BGE,positive,1.0e-5
0.4444330678383106,BGE,negative,1.0e-5
0.4443000373333746,BGE,negative,1.0e-5
0.4449763941121257,BGE,negative,1.0e-5
0.4452753510750991,BGE,positive,1.0e-5
0.4455410453392519,BGE,positive,1.0e-5
0.439369414976,BGE,positive,1.0e-5
0.4345229940970044,BGE,negative,1.0e-5
0.43365067850177264,BGE,positive,1.0e-5
0.44244741952296346,BGE,positive,1.0e-5
0.4306601656634296,BGE,negative,1.0e-5
0.4456147787940662,BGE,positive,1.0e-5
0.39715207518419904,BGE,positive,1.0e-5
0.44193936936483214,BGE,negative,1.0e-5
0.442829102983636,BGE,negative,1.0e-5
0.43675737742473164,BGE,positive,1.0e-5
0.0,BGE,positive,1.0e-5
0.41441744434137123,BGE,positive,1.0e-5
0.44330495858079594,BGE,positive,1.0e-5
0.0,BGE,positive,1.0e-5
0.45267846965955594,BGE,negative,1.0e-5
0.4514495712903776,BGE,positive,1.0e-5
0.448419274170568,BGE,positive,1.0e-5
0.45309110138831876,BGE,positive,1.0e-5
0.44750758857346584,BGE,positive,1.0e-5
0.4543339905252561,BGE,positive,1.0e-5
0.45072865531535633,BGE,positive,1.0e-5
0.4534999416395261,BGE,positive,1.0e-5
0.0,BGE,negative,1.0e-5
0.0,BGE,negative,1.0e-5
0.45385202966410293,BGE,negative,1.0e-5
0.45478420869082536,BGE,positive,1.0e-5
0.0,BGE,positive,1.0e-5
0.44974915426812184,BGE,positive,1.0e-5
0.44680532364013026,BGE,negative,1.0e-5
0.0,BGE,positive,1.0e-5
0.0,BGE,positive,1.0e-5
0.4436702301708005,BGE,negative,1.0e-5
0.45501991251264506,BGE,positive,1.0e-5
0.4195087068037312,BGE,positive,1.0e-5
0.0,BGE,negative,1.0e-5
0.45263383739139895,BGE,negative,1.0e-5
0.0,BGE,positive,1.0e-5
0.0,BGE,positive,1.0e-5
0.4326406894987967,BGE,positive,1.0e-5
0.45323749179353645,BGE,positive,1.0e-5
0.4186748521717193,BGE,positive,0.001
0.34725443473149387,BGE,negative,0.001
0.4296723293051726,BGE,positive,0.001
0.42630840476584714,BGE,positive,0.001
0.4214993397815765,BGE,positive,0.001
0.4295454907342409,BGE,positive,0.001
0.3985830957268166,BGE,positive,0.001
0.3769119798037452,BGE,positive,0.001
0.42224946412733655,BGE,positive,0.001
0.29831454248181233,BGE,negative,0.001
0.2766617931820493,BGE,negative,0.001
0.30587281032735225,BGE,negative,0.001
0.41410558803944936,BGE,positive,0.001
0.4133343476683016,BGE,positive,0.001
0.4280753429172055,BGE,positive,0.001
0.427269690593593,BGE,negative,0.001
0.42961984920238083,BGE,positive,0.001
0.4251569444924297,BGE,positive,0.001
0.429975996708468,BGE,negative,0.001
0.4221106986993901,BGE,positive,0.001
0.42966783544156084,BGE,positive,0.001
0.4159745924859007,BGE,negative,0.001
0.4286736705698757,BGE,negative,0.001
0.06748316229071692,BGE,positive,0.001
0.06207842911973803,BGE,positive,0.001
0.4282034913381326,BGE,positive,0.001
0.4303852401387712,BGE,positive,0.001
0.4375443317559946,BGE,positive,0.001
0.32214209460085286,BGE,negative,0.001
0.4385710557361008,BGE,positive,0.001
0.44007138941242346,BGE,positive,0.001
0.437060959396392,BGE,positive,0.001
0.43565259771894693,BGE,positive,0.001
0.40503771247901177,BGE,positive,0.001
0.37477550514195607,BGE,positive,0.001
0.42568602944008593,BGE,positive,0.001
0.327520650822408,BGE,negative,0.001
0.3513626197294809,BGE,negative,0.001
0.3076751101828477,BGE,negative,0.001
0.42437688115922134,BGE,positive,0.001
0.4243061545003345,BGE,positive,0.001
0.4398034608932921,BGE,positive,0.001
0.4387427809109331,BGE,negative,0.001
0.4357458997507171,BGE,positive,0.001
0.4354777538979228,BGE,positive,0.001
0.4382202276895255,BGE,negative,0.001
0.4362236462251241,BGE,positive,0.001
0.439788314408447,BGE,positive,0.001
0.42342214010265394,BGE,negative,0.001
0.4262616999831898,BGE,negative,0.001
0.09747865482354581,BGE,positive,0.001
0.08033869265021924,BGE,positive,0.001
0.43984456246253295,BGE,positive,0.001
0.43204516562984396,BGE,positive,0.001
0.4022607830793889,BGE,positive,0.001
0.39626169272449946,BGE,negative,0.001
0.40497210431278563,BGE,positive,0.001
0.4053076105925689,BGE,positive,0.001
0.3989401293032836,BGE,positive,0.001
0.40582364349906297,BGE,positive,0.001
0.3887984917286529,BGE,positive,0.001
0.34528041920875563,BGE,positive,0.001
0.3929616510376546,BGE,positive,0.001
0.30946344534878406,BGE,negative,0.001
0.2121126763277013,BGE,negative,0.001
0.3134515904831016,BGE,negative,0.001
0.3937651973839673,BGE,positive,0.001
0.39656178951958126,BGE,positive,0.001
0.4047518733237239,BGE,positive,0.001
0.4033450963415471,BGE,negative,0.001
0.40477332496991114,BGE,positive,0.001
0.403150129112248,BGE,positive,0.001
0.4022586339039894,BGE,negative,0.001
0.39506433830583376,BGE,positive,0.001
0.40390504489100687,BGE,positive,0.001
0.4011693179668741,BGE,negative,0.001
0.40444448315471215,BGE,negative,0.001
0.15078743567345118,BGE,positive,0.001
0.0827294099372218,BGE,positive,0.001
0.40395052759872585,BGE,positive,0.001
0.3983567783566251,BGE,positive,0.001
0.48350645872163034,BGE,positive,0.001
0.47510569015267357,BGE,negative,0.001
0.48376233530869617,BGE,positive,0.001
0.4848673653571942,BGE,positive,0.001
0.48365331669178563,BGE,positive,0.001
0.48458276570351555,BGE,positive,0.001
0.47456583179086753,BGE,positive,0.001
0.4727903106803204,BGE,positive,0.001
0.47575639757931487,BGE,positive,0.001
0.47306150242822587,BGE,negative,0.001
0.4724035618600889,BGE,negative,0.001
0.47278744269585504,BGE,negative,0.001
0.47826599791761637,BGE,positive,0.001
0.47777578349254746,BGE,positive,0.001
0.4837797883752444,BGE,positive,0.001
0.4848097107556867,BGE,negative,0.001
0.4860713848876071,BGE,positive,0.001
0.4824932416097907,BGE,positive,0.001
0.48399892454850024,BGE,negative,0.001
0.48042834083928504,BGE,positive,0.001
0.4849061159937402,BGE,positive,0.001
0.4832230640148685,BGE,negative,0.001
0.47904045754553853,BGE,negative,0.001
0.47022123851019526,BGE,positive,0.001
0.4697787742809322,BGE,positive,0.001
0.48585677893021617,BGE,positive,0.001
0.4790242996632091,BGE,positive,0.001
0.4382127344608824,BGE,positive,0.001
0.361227703784803,BGE,negative,0.001
0.44519366822839995,BGE,positive,0.001
0.44346573927896565,BGE,positive,0.001
0.43946830146216476,BGE,positive,0.001
0.44305657520410263,BGE,positive,0.001
0.4146040200447394,BGE,positive,0.001
0.37537138683604554,BGE,positive,0.001
0.43808060604279453,BGE,positive,0.001
0.37616620661401606,BGE,negative,0.001
0.34299349146239266,BGE,negative,0.001
0.3680707282440566,BGE,negative,0.001
0.44131757422563345,BGE,positive,0.001
0.4369260114823653,BGE,positive,0.001
0.4442144302442557,BGE,positive,0.001
0.43372594014868115,BGE,negative,0.001
0.44107325318474794,BGE,positive,0.001
0.44423863335401603,BGE,positive,0.001
0.44003246020436654,BGE,negative,0.001
0.4347493425540679,BGE,positive,0.001
0.44671149696967594,BGE,positive,0.001
0.4367284888104166,BGE,negative,0.001
0.43852876938999,BGE,negative,0.001
0.11882147531603046,BGE,positive,0.001
0.0,BGE,positive,0.001
0.4470063804612049,BGE,positive,0.001
0.447036830247156,BGE,positive,0.001
0.0,BGE,positive,0.001
0.40529352314563805,BGE,negative,0.001
0.45261837751291933,BGE,positive,0.001
0.4539025797332944,BGE,positive,0.001
0.45337843354528273,BGE,positive,0.001
0.454982698041464,BGE,positive,0.001
0.42849326127195014,BGE,positive,0.001
0.398063286893191,BGE,positive,0.001
0.44367648916768876,BGE,positive,0.001
0.0,BGE,negative,0.001
0.0,BGE,negative,0.001
0.396335479017197,BGE,negative,0.001
0.4490111285278893,BGE,positive,0.001
0.0,BGE,positive,0.001
0.45438602182459253,BGE,positive,0.001
0.45363034500224847,BGE,negative,0.001
0.0,BGE,positive,0.001
0.0,BGE,positive,0.001
0.4543270666128044,BGE,negative,0.001
0.44893421473371187,BGE,positive,0.001
0.45544569607026775,BGE,positive,0.001
0.0,BGE,negative,0.001
0.4509734890569983,BGE,negative,0.001
0.0,BGE,positive,0.001
0.0,BGE,positive,0.001
0.45331164139738134,BGE,positive,0.001
0.44948032461314164,BGE,positive,0.001
0.413926975367627,BGE,positive,0.1
0.34353414285644246,BGE,negative,0.1
0.421421368585594,BGE,positive,0.1
0.42448743131806954,BGE,positive,0.1
0.4059406065232153,BGE,positive,0.1
0.4284747478755251,BGE,positive,0.1
0.378614778648272,BGE,positive,0.1
0.0,BGE,positive,0.1
0.4017467419046,BGE,positive,0.1
0.0,BGE,negative,0.1
0.0,BGE,negative,0.1
0.0,BGE,negative,0.1
0.4043168115288445,BGE,positive,0.1
0.404414121099298,BGE,positive,0.1
0.42420846675230484,BGE,positive,0.1
0.4265470809334375,BGE,negative,0.1
0.4274748241204138,BGE,positive,0.1
0.4155081591547626,BGE,positive,0.1
0.4251846913074808,BGE,negative,0.1
0.413281295017005,BGE,positive,0.1
0.4293572920635715,BGE,positive,0.1
0.4030865080298793,BGE,negative,0.1
0.3970465441017549,BGE,negative,0.1
0.06584056373924616,BGE,positive,0.1
0.05680338480410248,BGE,positive,0.1
0.4299890278581452,BGE,positive,0.1
0.40216853773819006,BGE,positive,0.1
0.4242990018835516,BGE,positive,0.1
0.3767988723512715,BGE,negative,0.1
0.4223017236698037,BGE,positive,0.1
0.43061594179757623,BGE,positive,0.1
0.42478659171333083,BGE,positive,0.1
0.4385866521860232,BGE,positive,0.1
0.40448765361979777,BGE,positive,0.1
0.0,BGE,positive,0.1
0.4030938203790772,BGE,positive,0.1
0.0,BGE,negative,0.1
0.0,BGE,negative,0.1
0.0,BGE,negative,0.1
0.4122985922323663,BGE,positive,0.1
0.41548305778153455,BGE,positive,0.1
0.43110200482148975,BGE,positive,0.1
0.43792145101341523,BGE,negative,0.1
0.4382456441600071,BGE,positive,0.1
0.4146084061206428,BGE,positive,0.1
0.43830519695351416,BGE,negative,0.1
0.4215700656078514,BGE,positive,0.1
0.43901332368679646,BGE,positive,0.1
0.42297100864880527,BGE,negative,0.1
0.40762599282870554,BGE,negative,0.1
0.44192019207212696,BGE,positive,0.1
0.44175082726097126,BGE,positive,0.1
0.44043292773175785,BGE,positive,0.1
0.4151767267522217,BGE,positive,0.1
0.383446269462674,BGE,positive,0.1
0.3087506626310942,BGE,negative,0.1
0.38713234347183545,BGE,positive,0.1
0.3958310553124211,BGE,positive,0.1
0.3867701488352196,BGE,positive,0.1
0.4011380836895045,BGE,positive,0.1
0.34007283505003794,BGE,positive,0.1
0.0,BGE,positive,0.1
0.38085120519085874,BGE,positive,0.1
0.0,BGE,negative,0.1
0.0,BGE,negative,0.1
0.0,BGE,negative,0.1
0.37938166482906477,BGE,positive,0.1
0.3866956007690302,BGE,positive,0.1
0.3946639101260343,BGE,positive,0.1
0.4008412952013886,BGE,negative,0.1
0.4031343644595702,BGE,positive,0.1
0.3933004505397557,BGE,positive,0.1
0.40245000963922056,BGE,negative,0.1
0.3717646953422097,BGE,positive,0.1
0.40474504054486915,BGE,positive,0.1
0.38432339219017586,BGE,negative,0.1
0.38282734828688336,BGE,negative,0.1
0.4059515437970246,BGE,positive,0.1
0.40567995974283866,BGE,positive,0.1
0.4054511822811126,BGE,positive,0.1
0.38016257826740485,BGE,positive,0.1
0.4736677764738559,BGE,positive,0.1
0.47278809753807105,BGE,negative,0.1
0.47389936120665854,BGE,positive,0.1
0.47456900214552167,BGE,positive,0.1
0.47387891978527613,BGE,positive,0.1
0.4763722862874108,BGE,positive,0.1
0.4731012986823955,BGE,positive,0.1
0.0,BGE,positive,0.1
0.47332488311571785,BGE,positive,0.1
0.0,BGE,negative,0.1
0.0,BGE,negative,0.1
0.0,BGE,negative,0.1
0.4737423388359242,BGE,positive,0.1
0.4733263177615511,BGE,positive,0.1
0.4740061533578431,BGE,positive,0.1
0.47530819668460883,BGE,negative,0.1
0.47466044649335193,BGE,positive,0.1
0.47462725957070856,BGE,positive,0.1
0.47820856096788017,BGE,negative,0.1
0.4735377562776264,BGE,positive,0.1
0.47606005592947254,BGE,positive,0.1
0.4736190336328518,BGE,negative,0.1
0.4737815632956263,BGE,negative,0.1
0.47231512700457684,BGE,positive,0.1
0.48578345162089737,BGE,positive,0.1
0.47744295920413243,BGE,positive,0.1
0.47365672679229043,BGE,positive,0.1
0.42669044515280335,BGE,positive,0.1
0.39317427703525587,BGE,negative,0.1
0.4382304536567015,BGE,positive,0.1
0.4411733665413376,BGE,positive,0.1
0.41922921101109883,BGE,positive,0.1
0.44374165336724086,BGE,positive,0.1
0.39964085717116915,BGE,positive,0.1
0.0,BGE,positive,0.1
0.3964323576077236,BGE,positive,0.1
0.0,BGE,negative,0.1
0.0,BGE,negative,0.1
0.0,BGE,negative,0.1
0.4108051441738827,BGE,positive,0.1
0.40986089333545217,BGE,positive,0.1
0.4377270837556786,BGE,positive,0.1
0.44464311863917977,BGE,negative,0.1
0.44444680870821296,BGE,positive,0.1
0.4262275942511957,BGE,positive,0.1
0.44273881845155816,BGE,negative,0.1
0.4215012376777648,BGE,positive,0.1
0.444273534099464,BGE,positive,0.1
0.42201709741894033,BGE,negative,0.1
0.41924799619980124,BGE,negative,0.1
0.11827913487960269,BGE,positive,0.1
0.0,BGE,positive,0.1
0.4471915404371387,BGE,positive,0.1
0.42000569428117035,BGE,positive,0.1
0.0,BGE,positive,0.1
0.4126401645439811,BGE,negative,0.1
0.4394595390848327,BGE,positive,0.1
0.44064489583722843,BGE,positive,0.1
0.43689060567475435,BGE,positive,0.1
0.45333886090239656,BGE,positive,0.1
0.4175678095014623,BGE,positive,0.1
0.0,BGE,positive,0.1
0.4211154012330247,BGE,positive,0.1
0.0,BGE,negative,0.1
0.0,BGE,negative,0.1
0.0,BGE,negative,0.1
0.42578460051767575,BGE,positive,0.1
0.0,BGE,positive,0.1
0.44448236693210114,BGE,positive,0.1
0.4494221884355921,BGE,negative,0.1
0.0,BGE,positive,0.1
0.0,BGE,positive,0.1
0.4541383245827828,BGE,negative,0.1
0.4233084969083781,BGE,positive,0.1
0.45290948261347225,BGE,positive,0.1
0.0,BGE,negative,0.1
0.4237018051550656,BGE,negative,0.1
0.0,BGE,positive,0.1
0.0,BGE,positive,0.1
0.4546040845555891,BGE,positive,0.1
0.4268451074093626,BGE,positive,0.1
0.027559429170376834,r,positive,1.0e-7
0.0011002112085603721,r,negative,1.0e-7
0.044379960969963356,r,positive,1.0e-7
0.044277307012217035,r,positive,1.0e-7
0.03684048433213666,r,positive,1.0e-7
0.015230403365671972,r,positive,1.0e-7
0.0029553503969845948,r,positive,1.0e-7
0.005973755821229087,r,positive,1.0e-7
0.005434563395267752,r,positive,1.0e-7
0.002392896095808844,r,negative,1.0e-7
0.0036943793578140915,r,negative,1.0e-7
0.0020957473078755577,r,negative,1.0e-7
0.003567668848793004,r,positive,1.0e-7
0.004280848786521064,r,positive,1.0e-7
0.03867927160469329,r,positive,1.0e-7
0.026333058589120988,r,negative,1.0e-7
0.031613980021570974,r,positive,1.0e-7
0.01319825306989334,r,positive,1.0e-7
0.026119394658249778,r,negative,1.0e-7
0.0006806749016793923,r,positive,1.0e-7
0.0676229402206078,r,positive,1.0e-7
0.02374972069174561,r,negative,1.0e-7
0.00572295525642642,r,negative,1.0e-7
0.003300699752459899,r,positive,1.0e-7
0.0032479127450357206,r,positive,1.0e-7
0.0786210292127808,r,positive,1.0e-7
0.033043418561733276,r,positive,1.0e-7
0.00994890582305138,r,positive,1.0e-7
0.0015905305065936767,r,negative,1.0e-7
0.04550889392740512,r,positive,1.0e-7
0.04523769006324214,r,positive,1.0e-7
0.022618436803463326,r,positive,1.0e-7
0.015677767906470078,r,positive,1.0e-7
0.003912281483764987,r,positive,1.0e-7
0.0082735773020119,r,positive,1.0e-7
0.007167956201735895,r,positive,1.0e-7
0.0034057438913706853,r,negative,1.0e-7
0.005119514613255712,r,negative,1.0e-7
0.0029615475461067095,r,negative,1.0e-7
0.004818086108917712,r,positive,1.0e-7
0.005742969793504171,r,positive,1.0e-7
0.0395721451147928,r,positive,1.0e-7
0.02703468261263267,r,negative,1.0e-7
0.03229632640613625,r,positive,1.0e-7
0.004260612023686634,r,positive,1.0e-7
0.02634381105196814,r,negative,1.0e-7
0.0009572634971496938,r,positive,1.0e-7
0.06824926273487569,r,positive,1.0e-7
0.008729371828108358,r,negative,1.0e-7
0.006890389700943324,r,negative,1.0e-7
0.004722813867424859,r,positive,1.0e-7
0.004654889460093788,r,positive,1.0e-7
0.0790305878129398,r,positive,1.0e-7
0.012657148501177303,r,positive,1.0e-7
0.04580092426347734,r,positive,1.0e-7
0.0007209732660195772,r,negative,1.0e-7
0.04360511423185976,r,positive,1.0e-7
0.04361943738526746,r,positive,1.0e-7
0.03610507919744742,r,positive,1.0e-7
0.014925877776537954,r,positive,1.0e-7
0.0022214438606814927,r,positive,1.0e-7
0.004049570237050777,r,positive,1.0e-7
0.004131666583196491,r,positive,1.0e-7
0.0015898498504124162,r,negative,1.0e-7
0.0025137657787137895,r,negative,1.0e-7
0.0014037985353464355,r,negative,1.0e-7
0.004559344766957647,r,positive,1.0e-7
0.0031912614191006643,r,positive,1.0e-7
0.038067167945234,r,positive,1.0e-7
0.025854384654370347,r,negative,1.0e-7
0.03114859047828245,r,positive,1.0e-7
0.022479974850623887,r,positive,1.0e-7
0.02596788979885439,r,negative,1.0e-7
0.0007642122816794882,r,positive,1.0e-7
0.06719315771230099,r,positive,1.0e-7
0.03932728570961696,r,negative,1.0e-7
0.017387677309028043,r,negative,1.0e-7
0.002434142584536177,r,positive,1.0e-7
0.002409825358901451,r,positive,1.0e-7
0.07834378861328829,r,positive,1.0e-7
0.054193555420836315,r,positive,1.0e-7
0.03743537114319269,r,positive,1.0e-7
0.008248893383256588,r,negative,1.0e-7
0.029005002765788664,r,positive,1.0e-7
0.024427099236422698,r,positive,1.0e-7
0.027300263598212877,r,positive,1.0e-7
0.009984729043811404,r,positive,1.0e-7
0.01737398689658994,r,positive,1.0e-7
0.029166561034163485,r,positive,1.0e-7
0.037848543125900934,r,positive,1.0e-7
0.019826149545123423,r,negative,1.0e-7
0.018849544190685744,r,negative,1.0e-7
0.014833150371889793,r,negative,1.0e-7
0.028904070603542435,r,positive,1.0e-7
0.03248008803945754,r,positive,1.0e-7
0.02286428502220568,r,positive,1.0e-7
0.01472718015418851,r,negative,1.0e-7
0.01853562225710444,r,positive,1.0e-7
0.021642773584155048,r,positive,1.0e-7
0.0051744325826882575,r,negative,1.0e-7
0.006407701849206528,r,positive,1.0e-7
0.08283653749420168,r,positive,1.0e-7
0.03300008129701965,r,negative,1.0e-7
0.026188337045323806,r,negative,1.0e-7
0.02491067188695934,r,positive,1.0e-7
0.02179177645286063,r,positive,1.0e-7
0.026852127834118097,r,positive,1.0e-7
0.04438543376384723,r,positive,1.0e-7
0.010908974860873097,r,positive,1.0e-7
0.0018769330539088068,r,negative,1.0e-7
0.027384732444719933,r,positive,1.0e-7
0.04579359775968798,r,positive,1.0e-7
0.008021066693818305,r,positive,1.0e-7
0.0159365911881537,r,positive,1.0e-7
0.0033774953303759036,r,positive,1.0e-7
0.009596550211471997,r,positive,1.0e-7
0.00818098531706892,r,positive,1.0e-7
0.003996214679737082,r,negative,1.0e-7
0.005934495096052673,r,negative,1.0e-7
0.003464900930113913,r,negative,1.0e-7
0.005548712463357735,r,positive,1.0e-7
0.006596966687288259,r,positive,1.0e-7
0.04008897193839422,r,positive,1.0e-7
0.027440733804798337,r,negative,1.0e-7
0.032691217583510915,r,positive,1.0e-7
0.0048184142414881325,r,positive,1.0e-7
0.007517938788307572,r,negative,1.0e-7
0.001118684804110311,r,positive,1.0e-7
0.06861213803781535,r,positive,1.0e-7
0.009578686968048733,r,negative,1.0e-7
0.007569403785907986,r,negative,1.0e-7
0.005557147278227438,r,positive,1.0e-7
0.002328470459388109,r,positive,1.0e-7
0.0792674135595911,r,positive,1.0e-7
0.013802522022148192,r,positive,1.0e-7
0.04371104732237825,r,positive,1.0e-7
0.00279224460897872,r,negative,1.0e-7
0.01126530852649696,r,positive,1.0e-7
0.028706190762062992,r,positive,1.0e-7
0.01052262547211548,r,positive,1.0e-7
0.00965904767418943,r,positive,1.0e-7
0.006279862337950361,r,positive,1.0e-7
0.01319138658098855,r,positive,1.0e-7
0.011575584576810705,r,positive,1.0e-7
0.008651653661716571,r,negative,1.0e-7
0.008876475354419449,r,negative,1.0e-7
0.0049820407644671745,r,negative,1.0e-7
0.008056017822431124,r,positive,1.0e-7
0.02432771349095082,r,positive,1.0e-7
0.02547189219137191,r,positive,1.0e-7
0.028974504377534818,r,negative,1.0e-7
0.07593268055655666,r,positive,1.0e-7
0.021219256975522915,r,positive,1.0e-7
0.008081376772418108,r,negative,1.0e-7
0.0016790972946551666,r,positive,1.0e-7
0.06997378513768031,r,positive,1.0e-7
0.03747623757392067,r,negative,1.0e-7
0.007236495141686626,r,negative,1.0e-7
0.002287548775304074,r,positive,1.0e-7
0.002328470459388109,r,positive,1.0e-7
0.08017007536622885,r,positive,1.0e-7
0.017889417281237562,r,positive,1.0e-7
0.19995999334341177,r,positive,1.0e-5
0.05621272754667088,r,negative,1.0e-5
0.17039977930765282,r,positive,1.0e-5
0.15304437391839085,r,positive,1.0e-5
0.1534348132476982,r,positive,1.0e-5
0.06170768615974661,r,positive,1.0e-5
0.09265662111137535,r,positive,1.0e-5
0.18929159330259254,r,positive,1.0e-5
0.19478520486315698,r,positive,1.0e-5
0.10239118623643603,r,negative,1.0e-5
0.11229263503939728,r,negative,1.0e-5
0.08638709228493313,r,negative,1.0e-5
0.13558144607943273,r,positive,1.0e-5
0.16239888899232974,r,positive,1.0e-5
0.13936799781745585,r,positive,1.0e-5
0.09937532049884676,r,negative,1.0e-5
0.09938870402146492,r,positive,1.0e-5
0.10888354323413386,r,positive,1.0e-5
0.03838895399256548,r,negative,1.0e-5
0.02792394403430029,r,positive,1.0e-5
0.11446985967153038,r,positive,1.0e-5
0.17303410719712953,r,negative,1.0e-5
0.13750146713689154,r,negative,1.0e-5
0.05170995690223766,r,positive,1.0e-5
0.051150008439108344,r,positive,1.0e-5
0.08184354435861514,r,positive,1.0e-5
0.23754839622948454,r,positive,1.0e-5
0.24207269764429906,r,positive,1.0e-5
0.06541966624673752,r,negative,1.0e-5
0.21597897258154658,r,positive,1.0e-5
0.19722215634181117,r,positive,1.0e-5
0.20538502710169917,r,positive,1.0e-5
0.08266948130782185,r,positive,1.0e-5
0.11313275757685771,r,positive,1.0e-5
0.2127269527527179,r,positive,1.0e-5
0.22977909058195853,r,positive,1.0e-5
0.13080561864392062,r,negative,1.0e-5
0.12078810246150416,r,negative,1.0e-5
0.09008386254415914,r,negative,1.0e-5
0.19035859489837934,r,positive,1.0e-5
0.21681050412643255,r,positive,1.0e-5
0.1786256836161477,r,positive,1.0e-5
0.1496704928585577,r,negative,1.0e-5
0.14855918869645587,r,positive,1.0e-5
0.13643590095602462,r,positive,1.0e-5
0.05115138023060041,r,negative,1.0e-5
0.041960132562925266,r,positive,1.0e-5
0.15130702668313345,r,positive,1.0e-5
0.21448622364516515,r,negative,1.0e-5
0.1714682209773123,r,negative,1.0e-5
0.058058361769259596,r,positive,1.0e-5
0.057373679709298374,r,positive,1.0e-5
0.11138392897229651,r,positive,1.0e-5
0.29283811880016614,r,positive,1.0e-5
0.15402790028590563,r,positive,1.0e-5
0.038364729629134495,r,negative,1.0e-5
0.12577205266196892,r,positive,1.0e-5
0.11139165210156028,r,positive,1.0e-5
0.11465179277374613,r,positive,1.0e-5
0.044189773361125805,r,positive,1.0e-5
0.07551038718728031,r,positive,1.0e-5
0.17417211954107742,r,positive,1.0e-5
0.1556884227998526,r,positive,1.0e-5
0.08365949908709804,r,negative,1.0e-5
0.10465142571801128,r,negative,1.0e-5
0.07121718527686863,r,negative,1.0e-5
0.09325999218965308,r,positive,1.0e-5
0.1250784542405786,r,positive,1.0e-5
0.10187619509524104,r,positive,1.0e-5
0.07130486323301022,r,negative,1.0e-5
0.07128449629566688,r,positive,1.0e-5
0.08166910246015963,r,positive,1.0e-5
0.027168920546045586,r,negative,1.0e-5
0.021774785402185855,r,positive,1.0e-5
0.07820289891715462,r,positive,1.0e-5
0.13501366610417562,r,negative,1.0e-5
0.10607106369916802,r,negative,1.0e-5
0.05318811438992069,r,positive,1.0e-5
0.052949047464287725,r,positive,1.0e-5
0.05514807480144438,r,positive,1.0e-5
0.17683399051878498,r,positive,1.0e-5
0.5165949579499299,r,positive,1.0e-5
0.0911015251515604,r,negative,1.0e-5
0.48226676187984263,r,positive,1.0e-5
0.46533017861509646,r,positive,1.0e-5
0.4036414176470079,r,positive,1.0e-5
0.3225881340990133,r,positive,1.0e-5
0.1537508432216023,r,positive,1.0e-5
0.27293333734699815,r,positive,1.0e-5
0.3660944706855438,r,positive,1.0e-5
0.17070579926056384,r,negative,1.0e-5
0.16411468272251456,r,negative,1.0e-5
0.13321915965927816,r,negative,1.0e-5
0.3139882273851025,r,positive,1.0e-5
0.3149688759671386,r,positive,1.0e-5
0.4032704714042776,r,positive,1.0e-5
0.47017271428492946,r,negative,1.0e-5
0.4714072657831589,r,positive,1.0e-5
0.34801049411007773,r,positive,1.0e-5
0.2218247410354127,r,negative,1.0e-5
0.07388215321086264,r,positive,1.0e-5
0.5040894274167965,r,positive,1.0e-5
0.4457961240262524,r,negative,1.0e-5
0.3171309183839768,r,negative,1.0e-5
0.07777854118138587,r,positive,1.0e-5
0.07994156861614092,r,positive,1.0e-5
0.4352438730453206,r,positive,1.0e-5
0.4972183216924633,r,positive,1.0e-5
0.28424186315635824,r,positive,1.0e-5
0.07446189743150297,r,negative,1.0e-5
0.25654800984836434,r,positive,1.0e-5
0.2231455141030909,r,positive,1.0e-5
0.20725244416058913,r,positive,1.0e-5
0.09492939597043176,r,positive,1.0e-5
0.11313275757685771,r,positive,1.0e-5
0.20645513693029446,r,positive,1.0e-5
0.26046262475992604,r,positive,1.0e-5
0.11966897468851682,r,negative,1.0e-5
0.12078810246150416,r,negative,1.0e-5
0.0961496865492902,r,negative,1.0e-5
0.218430257540255,r,positive,1.0e-5
0.22085050769327044,r,positive,1.0e-5
0.20322319258800192,r,positive,1.0e-5
0.17072978802411656,r,negative,1.0e-5
0.16957432473456707,r,positive,1.0e-5
0.16158906926511113,r,positive,1.0e-5
0.05864819989115692,r,negative,1.0e-5
0.04880523641184906,r,positive,1.0e-5
0.17305545045754955,r,positive,1.0e-5
0.250523306760652,r,negative,1.0e-5
0.1989146950164498,r,negative,1.0e-5
0.059532257744032625,r,positive,1.0e-5
0.0023284699666497057,r,positive,1.0e-5
0.12804976151424233,r,positive,1.0e-5
0.33809365699504673,r,positive,1.0e-5
0.043711047186711025,r,positive,1.0e-5
0.07612906078083627,r,negative,1.0e-5
0.3247076048298808,r,positive,1.0e-5
0.2851863360017708,r,positive,1.0e-5
0.2951761070670524,r,positive,1.0e-5
0.1269417174039325,r,positive,1.0e-5
0.11313275757685771,r,positive,1.0e-5
0.2182631779218417,r,positive,1.0e-5
0.2720592964865359,r,positive,1.0e-5
0.008651653609928166,r,negative,1.0e-5
0.008876475247716406,r,negative,1.0e-5
0.10123526090993751,r,negative,1.0e-5
0.26701641578580254,r,positive,1.0e-5
0.024327713386243968,r,positive,1.0e-5
0.2625633160381196,r,positive,1.0e-5
0.23418840680578992,r,negative,1.0e-5
0.07593268049733531,r,positive,1.0e-5
0.02121925693604351,r,positive,1.0e-5
0.07828413883070684,r,negative,1.0e-5
0.060337003853490306,r,positive,1.0e-5
0.24293829527956615,r,positive,1.0e-5
0.03747623745371225,r,negative,1.0e-5
0.24661096335330168,r,negative,1.0e-5
0.0022875483548017396,r,positive,1.0e-5
0.0023284699666497057,r,positive,1.0e-5
0.18070452582394703,r,positive,1.0e-5
0.41753953087131235,r,positive,1.0e-5
0.7720924672409039,r,positive,0.001
0.1500657459459711,r,negative,0.001
0.7722367248151224,r,positive,0.001
0.7596052627146168,r,positive,0.001
0.6090871087761235,r,positive,0.001
0.4890158573841728,r,positive,0.001
0.20720452168271083,r,positive,0.001
0.3804618681193294,r,positive,0.001
0.53351513470644,r,positive,0.001
0.23105397729156268,r,negative,0.001
0.21539196244845593,r,negative,0.001
0.1781786103037156,r,negative,0.001
0.4929716292405724,r,positive,0.001
0.4877295698208844,r,positive,0.001
0.6624297813795038,r,positive,0.001
0.7431913309682243,r,negative,0.001
0.758120500012936,r,positive,0.001
0.570020088348142,r,positive,0.001
0.3906205900712,r,negative,0.001
0.12402057326075286,r,positive,0.001
0.7985971651229193,r,positive,0.001
0.6670467337735708,r,negative,0.001
0.5215376680926945,r,negative,0.001
0.09265266613102847,r,positive,0.001
0.09121933359935157,r,positive,0.001
0.7259821952941697,r,positive,0.001
0.8592461284894102,r,positive,0.001
0.8266659869016486,r,positive,0.001
0.15383016048218617,r,negative,0.001
0.807459288684158,r,positive,0.001
0.8215325280230781,r,positive,0.001
0.6542560542068139,r,positive,0.001
0.5147386750342141,r,positive,0.001
0.21240151676420785,r,positive,0.001
0.3876334663882975,r,positive,0.001
0.5461002845602906,r,positive,0.001
0.23719955337143428,r,negative,0.001
0.2256084990022366,r,negative,0.001
0.18166726180480391,r,negative,0.001
0.5274283965899976,r,positive,0.001
0.5099506960171453,r,positive,0.001
0.7080083387380924,r,positive,0.001
0.7875875842790296,r,negative,0.001
0.7786636093465686,r,positive,0.001
0.6016731906137919,r,positive,0.001
0.3956733639256011,r,negative,0.001
0.13332454662101947,r,positive,0.001
0.8255334131118992,r,positive,0.001
0.6952903790332444,r,negative,0.001
0.5270930093778478,r,negative,0.001
0.09398316121590145,r,positive,0.001
0.09330779836605528,r,positive,0.001
0.7794253871235036,r,positive,0.001
0.8636027347665088,r,positive,0.001
0.74480451569493,r,positive,0.001
0.14718883234628657,r,negative,0.001
0.7393488399244151,r,positive,0.001
0.7578628829349641,r,positive,0.001
0.582569002834982,r,positive,0.001
0.4777131715469533,r,positive,0.001
0.20211241107719743,r,positive,0.001
0.3656162343673103,r,positive,0.001
0.5118646342321133,r,positive,0.001
0.2245201163039687,r,negative,0.001
0.20665936965030376,r,negative,0.001
0.17298407256498213,r,negative,0.001
0.48181979093471655,r,positive,0.001
0.47198500498499324,r,positive,0.001
0.6467297430728723,r,positive,0.001
0.6878133824195372,r,negative,0.001
0.6996851172533548,r,positive,0.001
0.5426748828517405,r,positive,0.001
0.32312948164062627,r,negative,0.001
0.11829063290778974,r,positive,0.001
0.7441535515678296,r,positive,0.001
0.6372494570879409,r,negative,0.001
0.49946477799708766,r,negative,0.001
0.08797899819857308,r,positive,0.001
0.08518020498792181,r,positive,0.001
0.6850024094741975,r,positive,0.001
0.7916482716295707,r,positive,0.001
0.8811858019155747,r,positive,0.001
0.1701381327127215,r,negative,0.001
0.8729382952170702,r,positive,0.001
0.9066608144524736,r,positive,0.001
0.7049102882045334,r,positive,0.001
0.6222334865284141,r,positive,0.001
0.22267846696799684,r,positive,0.001
0.4071871540834067,r,positive,0.001
0.577007973248941,r,positive,0.001
0.26067582956399626,r,negative,0.001
0.23842947575683132,r,negative,0.001
0.19888008072014488,r,negative,0.001
0.569697216203798,r,positive,0.001
0.5427004928998005,r,positive,0.001
0.7775046307865795,r,positive,0.001
0.9109130058043367,r,negative,0.001
0.9094163054795714,r,positive,0.001
0.6757771624556655,r,positive,0.001
0.48094654559288336,r,negative,0.001
0.1442812175328205,r,positive,0.001
0.9105776410555675,r,positive,0.001
0.7556555340041164,r,negative,0.001
0.5678705193964717,r,negative,0.001
0.10181096637150205,r,positive,0.001
0.10031279670969974,r,positive,0.001
0.9045796220954496,r,positive,0.001
0.9243590771719352,r,positive,0.001
0.8249838521877882,r,positive,0.001
0.1559134957746795,r,negative,0.001
0.8215540732572111,r,positive,0.001
0.8346582176225253,r,positive,0.001
0.6579243594594947,r,positive,0.001
0.5338380073043105,r,positive,0.001
0.21416521789359882,r,positive,0.001
0.3889760361858177,r,positive,0.001
0.5551196204099017,r,positive,0.001
0.24621711510550576,r,negative,0.001
0.22294863241703855,r,negative,0.001
0.18664733610372847,r,negative,0.001
0.540812804729924,r,positive,0.001
0.5175384488381114,r,positive,0.001
0.7240936164470513,r,positive,0.001
0.7792517192558115,r,negative,0.001
0.7933015894048862,r,positive,0.001
0.6247064840784802,r,positive,0.001
0.40196282340652684,r,negative,0.001
0.13421409224817635,r,positive,0.001
0.8410888131775515,r,positive,0.001
0.7092314879757398,r,negative,0.001
0.5360378957482311,r,negative,0.001
0.09564385588335732,r,positive,0.001
0.002328462238517995,r,positive,0.001
0.8121196484635562,r,positive,0.001
0.8828487260361545,r,positive,0.001
0.04881854511494085,r,positive,0.001
0.16423812125794307,r,negative,0.001
0.8406629510857556,r,positive,0.001
0.8595171587160344,r,positive,0.001
0.6809264705018159,r,positive,0.001
0.5782751668111542,r,positive,0.001
0.21760723255876627,r,positive,0.001
0.39581994446862,r,positive,0.001
0.5620085159715325,r,positive,0.001
0.00904253846069087,r,negative,0.001
0.008876474219381966,r,negative,0.001
0.19232045829487318,r,negative,0.001
0.5501080722166344,r,positive,0.001
0.026093054057059223,r,positive,0.001
0.7454177428669778,r,positive,0.001
0.8539037303038193,r,negative,0.001
0.04625526472082479,r,positive,0.001
0.028729328687471117,r,positive,0.001
0.4376366736189051,r,negative,0.001
0.13856905994249885,r,positive,0.001
0.8639767012823042,r,positive,0.001
0.0416481915067489,r,negative,0.001
0.5494542408514074,r,negative,0.001
0.002287542148535231,r,positive,0.001
0.002328462238517995,r,positive,0.001
0.8309376758215062,r,positive,0.001
0.8950944195784554,r,positive,0.001
0.9006382788650642,r,positive,0.1
0.171164589819967,r,negative,0.1
0.8956432727581738,r,positive,0.1
0.9306301089481128,r,positive,0.1
0.7212214913600135,r,positive,0.1
0.6437153331187694,r,positive,0.1
0.22524963643710424,r,positive,0.1
0.0,r,positive,0.1
0.5858155100708943,r,positive,0.1
0.0,r,negative,0.1
0.0,r,negative,0.1
0.0,r,negative,0.1
0.5796010691304989,r,positive,0.1
0.5510604737455531,r,positive,0.1
0.7997539188135295,r,positive,0.1
0.9413775364483205,r,negative,0.1
0.9411382539512948,r,positive,0.1
0.6920943858980765,r,positive,0.1
0.5022445345066121,r,negative,0.1
0.14673782502533136,r,positive,0.1
0.9431119862128556,r,positive,0.1
0.7714464281426885,r,negative,0.1
0.5801134054541626,r,negative,0.1
0.09967850438003956,r,positive,0.1
0.09837837719694584,r,positive,0.1
0.9398666183349759,r,positive,0.1
0.9426745128317758,r,positive,0.1
0.9029093776083025,r,positive,0.1
0.17196105447432547,r,negative,0.1
0.8971350548509135,r,positive,0.1
0.9311327684099758,r,positive,0.1
0.722673126769266,r,positive,0.1
0.6452592616650751,r,positive,0.1
0.22592030980317052,r,positive,0.1
0.0,r,positive,0.1
0.5867617932220437,r,positive,0.1
0.0,r,negative,0.1
0.0,r,negative,0.1
0.0,r,negative,0.1
0.580895403464414,r,positive,0.1
0.5523938415201503,r,positive,0.1
0.8007094227409758,r,positive,0.1
0.9421796401644206,r,negative,0.1
0.9424582692196314,r,positive,0.1
0.6932763510150615,r,positive,0.1
0.5045924078492824,r,negative,0.1
0.14719833383351624,r,positive,0.1
0.9448680289958142,r,positive,0.1
0.7734950786135708,r,negative,0.1
0.5811842294481322,r,negative,0.1
0.10206753273921064,r,positive,0.1
0.1006142970356465,r,positive,0.1
0.9419869545111766,r,positive,0.1
0.945308263082858,r,positive,0.1
0.8976565293463281,r,positive,0.1
0.1698484014797708,r,negative,0.1
0.8923875721697633,r,positive,0.1
0.9267012508218734,r,positive,0.1
0.7192852625925894,r,positive,0.1
0.6399517138871558,r,positive,0.1
0.2241849739500471,r,positive,0.1
0.0,r,positive,0.1
0.5838779889236216,r,positive,0.1
0.0,r,negative,0.1
0.0,r,negative,0.1
0.0,r,negative,0.1
0.5777319516273876,r,positive,0.1
0.5493222661516166,r,positive,0.1
0.7969692971420924,r,positive,0.1
0.9363735050339842,r,negative,0.1
0.9377376872620776,r,positive,0.1
0.68955023247077,r,positive,0.1
0.49993825584400037,r,negative,0.1
0.14606393312486507,r,positive,0.1
0.940512072486269,r,positive,0.1
0.7695145318925125,r,negative,0.1
0.5783030634872507,r,negative,0.1
0.09798504252476328,r,positive,0.1
0.09638464145586856,r,positive,0.1
0.9361806823255082,r,positive,0.1
0.9405975945248317,r,positive,0.1
0.906301943257804,r,positive,0.1
0.17366958646203665,r,negative,0.1
0.901481110203855,r,positive,0.1
0.9359841149192836,r,positive,0.1
0.726109584405096,r,positive,0.1
0.6493289835146321,r,positive,0.1
0.2268854358578443,r,positive,0.1
0.0,r,positive,0.1
0.5893767933207188,r,positive,0.1
0.0,r,negative,0.1
0.0,r,negative,0.1
0.0,r,negative,0.1
0.5840026892763717,r,positive,0.1
0.5548832783422635,r,positive,0.1
0.804613781953086,r,positive,0.1
0.9481869961816094,r,negative,0.1
0.9479347645579034,r,positive,0.1
0.6978441303917685,r,positive,0.1
0.5085209319381465,r,negative,0.1
0.1480774469221658,r,positive,0.1
0.9485733004013085,r,positive,0.1
0.7768877103937356,r,negative,0.1
0.5841342329369007,r,negative,0.1
0.10457493772996436,r,positive,0.1
0.10344175380160693,r,positive,0.1
0.9479742588975757,r,positive,0.1
0.9490549230416437,r,positive,0.1
0.9033655000342979,r,positive,0.1
0.1723405982211514,r,negative,0.1
0.8992118333456594,r,positive,0.1
0.9326194243611253,r,positive,0.1
0.722941212022476,r,positive,0.1
0.6456644661833787,r,positive,0.1
0.22604973303514989,r,positive,0.1
0.0,r,positive,0.1
0.5869152818883574,r,positive,0.1
0.0,r,negative,0.1
0.0,r,negative,0.1
0.0,r,negative,0.1
0.5813745902844789,r,positive,0.1
0.5527212595898555,r,positive,0.1
0.8015119078698839,r,positive,0.1
0.9432850979505388,r,negative,0.1
0.9434967721858598,r,positive,0.1
0.6942925217533986,r,positive,0.1
0.5049147786832164,r,negative,0.1
0.1473987801855778,r,positive,0.1
0.9444001032418982,r,positive,0.1
0.7738915932131605,r,negative,0.1
0.5818547307876122,r,negative,0.1
0.10212314044192349,r,positive,0.1
0.002328459378554093,r,positive,0.1
0.9429445717522825,r,positive,0.1
0.9456024887154405,r,positive,0.1
0.050177747456093165,r,positive,0.1
0.1727927099680611,r,negative,0.1
0.8993747231645209,r,positive,0.1
0.9332922308132992,r,positive,0.1
0.7245153960195669,r,positive,0.1
0.6472086220763413,r,positive,0.1
0.22635309491013228,r,positive,0.1
0.0,r,positive,0.1
0.5881120891701859,r,positive,0.1
0.0,r,negative,0.1
0.0,r,negative,0.1
0.0,r,negative,0.1
0.5826431941412781,r,positive,0.1
0.026579788269791512,r,positive,0.1
0.8032009599755159,r,positive,0.1
0.9446838377342581,r,negative,0.1
0.04862472911695873,r,positive,0.1
0.029664754769422017,r,positive,0.1
0.5063526946197716,r,negative,0.1
0.1475535145231465,r,positive,0.1
0.946824925307838,r,positive,0.1
0.042772343507318004,r,negative,0.1
0.5825214775671148,r,negative,0.1
0.002287539255012321,r,positive,0.1
0.002328459378554093,r,positive,0.1
0.9449184921053602,r,positive,0.1
0.9467870803711481,r,positive,0.1
